DATE,CPIAUCSL,% Change (M/M),%Change (Q/Q),% Change (Y/Y),Nominal GDP,% Change Q/Q,
1/1/1947,21.48,,,,243.164,,
2/1/1947,21.62,0.006496543,,,243.164,,
3/1/1947,22,0.017423641,,,243.164,,
4/1/1947,22,0,0.023920184,,245.968,0.011465333,
5/1/1947,21.95,-0.002275314,0.015148327,,245.968,0.011465333,
6/1/1947,22.08,0.005905082,0.003629768,,245.968,0.011465333,
7/1/1947,22.23,0.006770507,0.010400275,,249.585,0.014598092,
8/1/1947,22.4,0.007618231,0.020293819,,249.585,0.014598092,
9/1/1947,22.84,0.019452426,0.033841163,,249.585,0.014598092,
10/1/1947,22.91,0.003060112,0.030130768,,259.745,0.039900842,
11/1/1947,23.06,0.006526018,0.029038556,,259.745,0.039900842,
12/1/1947,23.41,0.015063767,0.024649897,,259.745,0.039900842,
1/1/1948,23.68,0.011467529,0.033057314,0.09750854,265.742,0.022825533,
2/1/1948,23.67,-0.000422386,0.026108909,0.090589611,265.742,0.022825533,
3/1/1948,23.5,-0.007208002,0.00383714,0.065957968,265.742,0.022825533,
4/1/1948,23.82,0.013525143,0.005894754,0.079483111,272.567,0.025358542,
5/1/1948,24.01,0.007944846,0.014261987,0.089703271,272.567,0.025358542,
6/1/1948,24.15,0.00581397,0.027283959,0.089612159,272.567,0.025358542,
7/1/1948,24.4,0.010298752,0.024057568,0.093140404,279.196,0.024029589,
8/1/1948,24.43,0.001228753,0.017341475,0.086750926,279.196,0.024029589,
9/1/1948,24.36,-0.002869442,0.008658063,0.064429058,279.196,0.024029589,
10/1/1948,24.31,-0.002054655,-0.003695344,0.059314292,280.366,0.004181848,
11/1/1948,24.16,-0.006189415,-0.011113512,0.046598858,280.366,0.004181848,
12/1/1948,24.05,-0.004563377,-0.012807446,0.026971715,280.366,0.004181848,
1/1/1949,24.01,-0.001664586,-0.012417378,0.0138396,275.034,-0.019201166,
2/1/1949,23.91,-0.004173629,-0.010401592,0.010088358,275.034,-0.019201166,
3/1/1949,23.91,0,-0.005838215,0.01729636,275.034,-0.019201166,
4/1/1949,23.92,0.000418148,-0.003755481,0.004189365,271.351,-0.013481541,
5/1/1949,23.91,-0.000418148,0,-0.004173629,271.351,-0.013481541,
6/1/1949,23.92,0.000418148,0.000418148,-0.009569451,271.351,-0.013481541,
7/1/1949,23.7,-0.009239881,-0.009239881,-0.029108084,272.889,0.005651933,
8/1/1949,23.7,0,-0.008821733,-0.030336837,272.889,0.005651933,
9/1/1949,23.75,0.002107482,-0.007132399,-0.025359912,272.889,0.005651933,
10/1/1949,23.67,-0.003374107,-0.001266625,-0.026679365,270.627,-0.00832363,
11/1/1949,23.7,0.001266625,0,-0.019223325,270.627,-0.00832363,
12/1/1949,23.61,-0.003804697,-0.005912179,-0.018464645,270.627,-0.00832363,
1/1/1950,23.51,-0.004244489,-0.006782561,-0.021044548,280.828,0.037000893,
2/1/1950,23.61,0.004244489,-0.003804697,-0.01262643,280.828,0.037000893,
3/1/1950,23.64,0.001269841,0.001269841,-0.011356589,280.828,0.037000893,
4/1/1950,23.65,0.000422922,0.005937252,-0.011351814,290.383,0.033458359,
5/1/1950,23.77,0.005061166,0.00675393,-0.0058725,290.383,0.033458359,
6/1/1950,23.88,0.004617007,0.010101096,-0.001673641,290.383,0.033458359,
7/1/1950,24.07,0.007924963,0.017603137,0.015491204,308.153,0.059395672,
8/1/1950,24.2,0.005386381,0.017928352,0.020877585,308.153,0.059395672,
9/1/1950,24.34,0.005768454,0.019079799,0.024538557,308.153,0.059395672,
10/1/1950,24.5,0.00655203,0.017706866,0.034464694,319.945,0.037552693,
11/1/1950,24.6,0.004073325,0.01639381,0.037271395,319.945,0.037552693,
12/1/1950,24.98,0.015329062,0.025954417,0.056405154,319.945,0.037552693,
1/1/1951,25.38,0.015885958,0.035288345,0.0765356,336,0.048962054,
2/1/1951,25.83,0.017575145,0.048790164,0.089866256,336,0.048962054,
3/1/1951,25.88,0.001933863,0.035394965,0.090530277,336,0.048962054,
4/1/1951,25.92,0.001544402,0.021053409,0.091651757,344.09,0.023792091,
5/1/1951,25.99,0.002696977,0.006175242,0.089287567,344.09,0.023792091,
6/1/1951,25.93,-0.002311249,0.00193013,0.082359311,344.09,0.023792091,
7/1/1951,25.91,-0.000771605,-0.000385877,0.073662743,351.385,0.020979237,
8/1/1951,25.86,-0.001931621,-0.005014475,0.06634474,351.385,0.020979237,
9/1/1951,26.03,0.006552346,0.003849119,0.067128631,351.385,0.020979237,
10/1/1951,26.16,0.004981808,0.009602532,0.065558409,356.178,0.013548117,
11/1/1951,26.32,0.00609758,0.017631733,0.067582664,356.178,0.013548117,
12/1/1951,26.47,0.00568291,0.016762297,0.057936512,356.178,0.013548117,
1/1/1952,26.45,-0.000755858,0.011024632,0.041294696,359.82,0.010173301,
2/1/1952,26.41,-0.001513432,0.00341362,0.022206119,359.82,0.010173301,
3/1/1952,26.39,-0.000757576,-0.003026866,0.019514681,359.82,0.010173301,
4/1/1952,26.46,0.002649008,0.000378,0.020619287,361.03,0.003357151,
5/1/1952,26.47,0.000377858,0.00226929,0.018300168,361.03,0.003357151,
6/1/1952,26.53,0.002264152,0.005291018,0.022875569,361.03,0.003357151,
7/1/1952,26.68,0.005638053,0.008280062,0.029285226,367.701,0.018309051,
8/1/1952,26.69,0.000374742,0.008276947,0.03159159,367.701,0.018309051,
9/1/1952,26.63,-0.002250564,0.003762232,0.022788681,367.701,0.018309051,
10/1/1952,26.69,0.002250564,0.000374742,0.020057437,380.812,0.035035707,
11/1/1952,26.69,0,0,0.013959857,380.812,0.035035707,
12/1/1952,26.71,0.000749064,0.002999627,0.009026011,380.812,0.035035707,
1/1/1953,26.64,-0.002624181,-0.001875118,0.007157687,387.98,0.018647977,
2/1/1953,26.59,-0.00187864,-0.003753758,0.006792479,387.98,0.018647977,
3/1/1953,26.63,0.001503195,-0.002999627,0.009053249,387.98,0.018647977,
4/1/1953,26.69,0.002250564,0.001875118,0.008654805,391.749,0.009667537,
5/1/1953,26.7,0.000374602,0.00412836,0.008651549,391.749,0.009667537,
6/1/1953,26.77,0.002618292,0.005243458,0.009005689,391.749,0.009667537,
7/1/1953,26.79,0.000746826,0.00373972,0.004114463,391.171,-0.001476524,
8/1/1953,26.85,0.002237137,0.005602256,0.005976858,391.171,-0.001476524,
9/1/1953,26.89,0.001488649,0.004472613,0.00971607,391.171,-0.001476524,
10/1/1953,26.95,0.002228827,0.005954614,0.009694334,385.97,-0.013385158,
11/1/1953,26.85,-0.003717476,0,0.005976858,385.97,-0.013385158,
12/1/1953,26.87,0.000744602,-0.000744048,0.005972396,385.97,-0.013385158,
1/1/1954,26.94,0.002601748,-0.000371126,0.011198325,385.345,-0.001620609,
2/1/1954,26.99,0.001854256,0.005200606,0.014931222,385.345,-0.001620609,
3/1/1954,26.93,-0.00222552,0.002230484,0.011202507,385.345,-0.001620609,
4/1/1954,26.86,-0.002602716,-0.00297398,0.006349228,386.121,0.002011755,
5/1/1954,26.93,0.002602716,-0.00222552,0.008577341,386.121,0.002011755,
6/1/1954,26.94,0.000371264,0.000371264,0.006330313,386.121,0.002011755,
7/1/1954,26.86,-0.00297398,0,0.002609508,390.996,0.012546538,
8/1/1954,26.85,-0.00037237,-0.002975086,0,390.996,0.012546538,
9/1/1954,26.81,-0.001490869,-0.004837219,-0.002979518,390.996,0.012546538,
10/1/1954,26.72,-0.003362604,-0.005225842,-0.008570949,399.734,0.022101996,
11/1/1954,26.78,0.002242992,-0.002610481,-0.002610481,399.734,0.022101996,
12/1/1954,26.77,-0.000373483,-0.001493095,-0.003728565,399.734,0.022101996,
1/1/1955,26.77,0,0.001869509,-0.006330313,413.073,0.032825007,
2/1/1955,26.82,0.00186602,0.001492538,-0.006318549,413.073,0.032825007,
3/1/1955,26.79,-0.001119194,0.000746826,-0.005212223,413.073,0.032825007,
4/1/1955,26.79,0,0.000746826,-0.002609508,421.532,0.020271361,
5/1/1955,26.77,-0.000746826,-0.00186602,-0.005959049,421.532,0.020271361,
6/1/1955,26.71,-0.00224383,-0.002990656,-0.008574144,421.532,0.020271361,
7/1/1955,26.76,0.001870208,-0.001120448,-0.003729956,430.221,0.020403336,
8/1/1955,26.72,-0.001495887,-0.001869509,-0.004853472,430.221,0.020403336,
9/1/1955,26.85,0.004853472,0.005227794,0.001490869,430.221,0.020403336,
10/1/1955,26.82,-0.001117943,0.002239643,0.003735529,437.092,0.015844669,
11/1/1955,26.88,0.002234638,0.005970167,0.003727175,437.092,0.015844669,
12/1/1955,26.87,-0.000372093,0.000744602,0.003728565,437.092,0.015844669,
1/1/1956,26.83,-0.001489758,0.000372787,0.002238807,439.746,0.006053588,
2/1/1956,26.86,0.001117527,-0.000744325,0.001490313,439.746,0.006053588,
3/1/1956,26.89,0.001116279,0.000744048,0.003725787,439.746,0.006053588,
4/1/1956,26.93,0.001486437,0.003720242,0.005212223,446.01,0.014144086,
5/1/1956,27.03,0.003706453,0.006309169,0.009665503,446.01,0.014144086,
6/1/1956,27.15,0.004429686,0.009622576,0.016339019,446.01,0.014144086,
7/1/1956,27.29,0.005143288,0.013279428,0.019612099,451.191,0.01154938,
8/1/1956,27.31,0.000732601,0.010305575,0.021840587,451.191,0.01154938,
9/1/1956,27.35,0.001463593,0.007339482,0.018450708,451.191,0.01154938,
10/1/1956,27.51,0.005833046,0.00802924,0.025401697,460.463,0.020341752,
11/1/1956,27.51,0,0.007296639,0.023167059,460.463,0.020341752,
12/1/1956,27.63,0.004352564,0.01018561,0.027891716,460.463,0.020341752,
1/1/1957,27.67,0.001446655,0.005799219,0.030828129,469.779,0.020029866,
2/1/1957,27.8,0.004687227,0.010486446,0.03439783,469.779,0.020029866,
3/1/1957,27.86,0.002155948,0.008289829,0.035437498,469.779,0.020029866,
4/1/1957,27.93,0.002509412,0.009352586,0.036460473,472.025,0.004769579,
5/1/1957,28,0.00250313,0.007168489,0.03525715,472.025,0.004769579,
6/1/1957,28.11,0.003920875,0.008933417,0.034748339,472.025,0.004769579,
7/1/1957,28.19,0.00284192,0.009265925,0.03244697,479.49,0.015691089,
8/1/1957,28.28,0.003187536,0.009950331,0.034901906,479.49,0.015691089,
9/1/1957,28.32,0.001413428,0.007442884,0.03485174,479.49,0.015691089,
10/1/1957,28.32,0,0.004600964,0.029018694,474.864,-0.009694592,
11/1/1957,28.41,0.003172927,0.004586355,0.032191621,474.864,-0.009694592,
12/1/1957,28.47,0.002109705,0.005282632,0.029948762,474.864,-0.009694592,
1/1/1958,28.64,0.005953441,0.011236073,0.034455548,467.54,-0.015543541,
2/1/1958,28.7,0.002092781,0.010155927,0.031861102,467.54,-0.015543541,
3/1/1958,28.87,0.005905871,0.013952092,0.035611025,467.54,-0.015543541,
4/1/1958,28.94,0.002421728,0.010420379,0.035523341,471.978,0.009447468,
5/1/1958,28.94,0,0.008327598,0.033020211,471.978,0.009447468,
6/1/1958,28.91,-0.001037165,0.001384562,0.028062171,471.978,0.009447468,
7/1/1958,28.89,-0.000692042,-0.001729207,0.024528209,485.841,0.028949036,
8/1/1958,28.94,0.001729207,0,0.02306988,485.841,0.028949036,
9/1/1958,28.91,-0.001037165,0,0.020619287,485.841,0.028949036,
10/1/1958,28.91,0,0.000692042,0.020619287,499.555,0.027836292,
11/1/1958,28.95,0.001382648,0.000345483,0.018829008,499.555,0.027836292,
12/1/1958,28.97,0.000690608,0.002073256,0.01740991,499.555,0.027836292,
1/1/1959,29.01,0.001379786,0.003453042,0.012836256,510.33,0.021339873,
2/1/1959,29,-0.000344768,0.001725626,0.010398707,510.33,0.021339873,
3/1/1959,28.97,-0.001035018,0,0.003457818,510.33,0.021339873,
4/1/1959,28.98,0.000345125,-0.001034661,0.001381216,522.653,0.023860189,
5/1/1959,29.04,0.002068253,0.00137836,0.003449469,522.653,0.023860189,
6/1/1959,29.11,0.002407568,0.004820946,0.006894202,522.653,0.023860189,
7/1/1959,29.15,0.001373155,0.005848976,0.008959398,525.034,0.004545258,
8/1/1959,29.18,0.00102863,0.004809353,0.008258822,525.034,0.004545258,
9/1/1959,29.25,0.002396031,0.004797816,0.011692018,525.034,0.004545258,
10/1/1959,29.35,0.003412973,0.006837633,0.01510499,528.6,0.00676898,
11/1/1959,29.35,0,0.005809003,0.013722342,528.6,0.00676898,
12/1/1959,29.41,0.002042206,0.005455179,0.015073941,528.6,0.00676898,
1/1/1960,29.37,-0.001361007,0.000681199,0.012333147,542.648,0.026228857,
2/1/1960,29.41,0.001361007,0.002042206,0.014038923,542.648,0.026228857,
3/1/1960,29.41,0,0,0.015073941,542.648,0.026228857,
4/1/1960,29.54,0.004410525,0.005771532,0.01913934,541.08,-0.002893717,
5/1/1960,29.57,0.001015057,0.005425581,0.018086144,541.08,-0.002893717,
6/1/1960,29.61,0.001351808,0.00677739,0.017030384,541.08,-0.002893717,
7/1/1960,29.55,-0.002028398,0.000338467,0.013628831,545.604,0.008326296,
8/1/1960,29.61,0.002028398,0.001351808,0.014628599,545.604,0.008326296,
9/1/1960,29.61,0,0,0.012232568,545.604,0.008326296,
10/1/1960,29.75,0.00471699,0.006745388,0.013536586,540.197,-0.00995955,
11/1/1960,29.78,0.001007895,0.005724885,0.014544481,540.197,-0.00995955,
12/1/1960,29.81,0.00100688,0.006731766,0.013509155,540.197,-0.00995955,
1/1/1961,29.84,0.001005868,0.003020643,0.01587603,545.018,0.008884934,
2/1/1961,29.84,0,0.002012748,0.014515023,545.018,0.008884934,
3/1/1961,29.84,0,0.001005868,0.014515023,545.018,0.008884934,
4/1/1961,29.81,-0.001005868,-0.001005868,0.009098631,555.545,0.019130792,
5/1/1961,29.84,0.001005868,0,0.009089441,555.545,0.019130792,
6/1/1961,29.84,0,0,0.007737633,555.545,0.019130792,
7/1/1961,29.92,0.002677378,0.003683245,0.012443409,567.664,0.02158008,
8/1/1961,29.94,0.000668226,0.003345604,0.011083237,567.664,0.02158008,
9/1/1961,29.98,0.001335114,0.004680717,0.012418351,567.664,0.02158008,
10/1/1961,29.98,0,0.00200334,0.007701361,580.612,0.022553025,
11/1/1961,29.98,0,0.001335114,0.006693465,580.612,0.022553025,
12/1/1961,30.01,0.001000167,0.001000167,0.006686752,580.612,0.022553025,
1/1/1962,30.04,0.000999167,0.001999334,0.006680052,594.013,0.022818485,
2/1/1962,30.11,0.002327516,0.00432685,0.009007567,594.013,0.022818485,
3/1/1962,30.17,0.001990711,0.005317394,0.010998278,594.013,0.022818485,
4/1/1962,30.21,0.001324942,0.005643169,0.013329088,600.366,0.010638265,
5/1/1962,30.24,0.000992556,0.004308209,0.013315776,600.366,0.010638265,
6/1/1962,30.21,-0.000992556,0.001324942,0.01232322,600.366,0.010638265,
7/1/1962,30.22,0.000330961,0.000330961,0.009976804,609.027,0.014323132,
8/1/1962,30.28,0.001983472,0.001321877,0.01129205,609.027,0.014323132,
9/1/1962,30.42,0.004612858,0.006927291,0.014569794,609.027,0.014323132,
10/1/1962,30.38,-0.00131579,0.00528054,0.013254004,612.28,0.005327093,
11/1/1962,30.38,0,0.003297069,0.013254004,612.28,0.005327093,
12/1/1962,30.38,0,-0.00131579,0.012253838,612.28,0.005327093,
1/1/1963,30.44,0.001973036,0.001973036,0.013227706,621.672,0.015222928,
2/1/1963,30.48,0.001313198,0.003286234,0.012213388,621.672,0.015222928,
3/1/1963,30.51,0.000983768,0.004270002,0.011206446,621.672,0.015222928,
4/1/1963,30.48,-0.000983768,0.001313198,0.008897735,629.752,0.012913469,
5/1/1963,30.51,0.000983768,0.000983768,0.008888947,629.752,0.012913469,
6/1/1963,30.61,0.003272254,0.003272254,0.013153758,629.752,0.012913469,
7/1/1963,30.69,0.002610116,0.006866138,0.015432912,644.444,0.023061838,
8/1/1963,30.75,0.001953126,0.007835496,0.015402566,644.444,0.023061838,
9/1/1963,30.72,-0.000976086,0.003587155,0.009813621,644.444,0.023061838,
10/1/1963,30.75,0.000976086,0.001953126,0.012105497,653.938,0.014624616,
11/1/1963,30.78,0.000975134,0.000975134,0.013080631,653.938,0.014624616,
12/1/1963,30.88,0.003243597,0.005194817,0.016324228,653.938,0.014624616,
1/1/1964,30.94,0.00194112,0.006159851,0.016292312,669.822,0.02399946,
2/1/1964,30.91,-0.000970089,0.004214628,0.014009025,669.822,0.02399946,
3/1/1964,30.94,0.000970089,0.00194112,0.013995346,669.822,0.02399946,
4/1/1964,30.95,0.000323154,0.000323154,0.015302268,678.674,0.013128889,
5/1/1964,30.98,0.000968836,0.002262079,0.015287336,678.674,0.013128889,
6/1/1964,31.01,0.000967898,0.002259888,0.01298298,678.674,0.013128889,
7/1/1964,31.02,0.000322425,0.002259159,0.010695289,692.031,0.019489858,
8/1/1964,31.05,0.000966651,0.002256973,0.009708814,692.031,0.019489858,
9/1/1964,31.08,0.000965717,0.002254792,0.011650617,692.031,0.019489858,
10/1/1964,31.12,0.001286174,0.003218542,0.011960705,697.319,0.00761223,
11/1/1964,31.21,0.002887857,0.005139748,0.013873428,697.319,0.00761223,
12/1/1964,31.25,0.00128082,0.005454851,0.011910651,697.319,0.00761223,
1/1/1965,31.28,0.000959539,0.005128216,0.010929071,717.79,0.028934065,
2/1/1965,31.28,0,0.002240359,0.01189916,717.79,0.028934065,
3/1/1965,31.31,0.00095862,0.001918159,0.01188769,717.79,0.028934065,
4/1/1965,31.38,0.002233212,0.003191832,0.013797748,730.191,0.017129097,
5/1/1965,31.48,0.003181676,0.006373508,0.016010589,730.191,0.017129097,
6/1/1965,31.61,0.004121103,0.009535991,0.019163793,730.191,0.017129097,
7/1/1965,31.58,-0.000949517,0.006353262,0.017891851,749.323,0.025863988,
8/1/1965,31.55,-0.00095042,0.002221165,0.015974781,749.323,0.025863988,
9/1/1965,31.62,0.002216243,0.000316306,0.017225306,749.323,0.025863988,
10/1/1965,31.65,0.000948317,0.00221414,0.016887449,771.857,0.029629167,
11/1/1965,31.75,0.003154577,0.006319136,0.017154169,771.857,0.029629167,
12/1/1965,31.85,0.003144657,0.00724755,0.019018006,771.857,0.029629167,
1/1/1966,31.88,0.000941472,0.007240705,0.018999938,795.734,0.030465659,
2/1/1966,32.08,0.006253929,0.010340058,0.025253867,795.734,0.030465659,
3/1/1966,32.18,0.003112359,0.01030776,0.027407606,795.734,0.030465659,
4/1/1966,32.28,0.003102702,0.012468989,0.028277096,804.981,0.011553716,
5/1/1966,32.35,0.002166178,0.008381238,0.027261597,804.981,0.011553716,
6/1/1966,32.38,0.000926927,0.006195807,0.024067422,804.981,0.011553716,
7/1/1966,32.45,0.002159495,0.0052526,0.027176434,819.638,0.018044105,
8/1/1966,32.65,0.006144413,0.009230835,0.034271267,819.638,0.018044105,
9/1/1966,32.75,0.003058106,0.011362014,0.03511313,819.638,0.018044105,
10/1/1966,32.85,0.003048783,0.012251302,0.037213596,833.302,0.016533342,
11/1/1966,32.88,0.000912825,0.007019714,0.034971845,833.302,0.016533342,
12/1/1966,32.92,0.001215806,0.005177414,0.033042994,833.302,0.016533342,
1/1/1967,32.9,-0.000607718,0.001520913,0.031493804,844.17,0.012957775,
2/1/1967,33,0.003034904,0.003642991,0.028274778,844.17,0.012957775,
3/1/1967,33,0,0.002427186,0.02516242,844.17,0.012957775,
4/1/1967,33.1,0.003025721,0.006060625,0.025085439,848.983,0.005685266,
5/1/1967,33.1,0,0.003025721,0.022919261,848.983,0.005685266,
6/1/1967,33.3,0.006024115,0.009049836,0.028016449,848.983,0.005685266,
7/1/1967,33.4,0.002998503,0.009022618,0.028855457,865.233,0.018959672,
8/1/1967,33.5,0.002989539,0.012012156,0.025700583,865.233,0.018959672,
9/1/1967,33.6,0.002980628,0.00896867,0.025623105,865.233,0.018959672,
10/1/1967,33.7,0.00297177,0.008941937,0.025546092,881.439,0.018556964,
11/1/1967,33.9,0.005917177,0.011869576,0.030550444,881.439,0.018556964,
12/1/1967,34,0.00294551,0.011834458,0.032280149,881.439,0.018556964,
1/1/1968,34.1,0.00293686,0.011799547,0.035824727,909.387,0.031214947,
2/1/1968,34.2,0.00292826,0.00881063,0.035718083,909.387,0.031214947,
3/1/1968,34.3,0.00291971,0.00878483,0.038637793,909.387,0.031214947,
4/1/1968,34.4,0.00291121,0.00875918,0.038523282,934.344,0.027073933,
5/1/1968,34.5,0.00290276,0.00873368,0.041426042,934.344,0.027073933,
6/1/1968,34.7,0.005780363,0.011594333,0.04118229,934.344,0.027073933,
7/1/1968,34.9,0.005747142,0.014430265,0.043930929,950.825,0.01748535,
8/1/1968,35,0.002861232,0.014388737,0.043802623,950.825,0.01748535,
9/1/1968,35.1,0.002853069,0.011461444,0.043675064,950.825,0.01748535,
10/1/1968,35.3,0.005681833,0.011396135,0.046385127,968.03,0.01793305,
11/1/1968,35.4,0.002828856,0.011363759,0.043296806,968.03,0.01793305,
12/1/1968,35.6,0.005633818,0.014144507,0.045985113,968.03,0.01793305,
1/1/1969,35.7,0.002805051,0.011267725,0.045853304,993.337,0.025806904,
2/1/1969,35.8,0.002797205,0.011236073,0.045722249,993.337,0.025806904,
3/1/1969,36.1,0.008344972,0.013947227,0.051147511,993.337,0.025806904,
4/1/1969,36.3,0.005524876,0.016667052,0.053761177,1009.02,0.01566486,
5/1/1969,36.4,0.002751033,0.016620881,0.053609451,1009.02,0.01566486,
6/1/1969,36.6,0.005479466,0.013755375,0.053308553,1009.02,0.01566486,
7/1/1969,36.8,0.005449605,0.013680104,0.053011016,1029.956,0.02053652,
8/1/1969,36.9,0.002713706,0.013642776,0.05286349,1029.956,0.02053652,
9/1/1969,37.1,0.005405419,0.013568729,0.055415839,1029.956,0.02053652,
10/1/1969,37.3,0.005376357,0.013495481,0.055110363,1038.147,0.00792131,
11/1/1969,37.5,0.005347606,0.016129382,0.057629113,1038.147,0.00792131,
12/1/1969,37.7,0.005319161,0.016043125,0.057314457,1038.147,0.00792131,
1/1/1970,37.9,0.005291018,0.015957785,0.059800423,1051.2,0.012494976,
2/1/1970,38.1,0.00526317,0.015873349,0.062266389,1051.2,0.012494976,
3/1/1970,38.3,0.005235614,0.015789802,0.059157031,1051.2,0.012494976,
4/1/1970,38.5,0.005208345,0.015707129,0.0588405,1067.375,0.015269994,
5/1/1970,38.6,0.002594035,0.013037994,0.058683502,1067.375,0.015269994,
6/1/1970,38.8,0.00516797,0.01297035,0.058372006,1067.375,0.015269994,
7/1/1970,38.9,0.002574004,0.010336009,0.055496405,1086.059,0.017353185,
8/1/1970,39,0.002567396,0.01030937,0.055350095,1086.059,0.017353185,
9/1/1970,39.2,0.005115101,0.0102565,0.055059777,1086.059,0.017353185,
10/1/1970,39.4,0.00508907,0.012771566,0.05477249,1088.608,0.002344268,
11/1/1970,39.6,0.005063302,0.015267472,0.054488185,1088.608,0.002344268,
12/1/1970,39.8,0.005037794,0.015190165,0.054206818,1088.608,0.002344268,
1/1/1971,39.9,0.002509412,0.012610508,0.051425212,1135.156,0.041870271,
2/1/1971,39.9,0,0.007547206,0.046162042,1135.156,0.041870271,
3/1/1971,40,0.00250313,0.005012542,0.043429558,1135.156,0.041870271,
4/1/1971,40.1,0.00249688,0.00500001,0.040718093,1156.271,0.018430085,
5/1/1971,40.3,0.004975135,0.009975145,0.043099192,1156.271,0.018430085,
6/1/1971,40.5,0.004950505,0.01242252,0.042881727,1156.271,0.018430085,
7/1/1971,40.6,0.002466092,0.012391732,0.042773816,1177.675,0.018341984,
8/1/1971,40.7,0.002460026,0.009876623,0.042666446,1177.675,0.018341984,
9/1/1971,40.8,0.002453989,0.007380107,0.040005335,1177.675,0.018341984,
10/1/1971,40.9,0.002447982,0.007361996,0.037364247,1190.297,0.0106607,
11/1/1971,41,0.002442004,0.007343974,0.034742948,1190.297,0.0106607,
12/1/1971,41.1,0.002436055,0.00732604,0.032141209,1190.297,0.0106607,
1/1/1972,41.2,0.002430135,0.007308193,0.032061932,1230.609,0.033306313,
2/1/1972,41.4,0.004842624,0.009708814,0.036904557,1230.609,0.033306313,
3/1/1972,41.4,0,0.007272759,0.034401427,1230.609,0.033306313,
4/1/1972,41.5,0.002412546,0.007255171,0.034317093,1266.369,0.028644582,
5/1/1972,41.6,0.00240674,0.004819286,0.031748698,1266.369,0.028644582,
6/1/1972,41.7,0.002400962,0.007220248,0.029199155,1266.369,0.028644582,
7/1/1972,41.8,0.002395211,0.007202912,0.029128273,1290.566,0.018927131,
8/1/1972,41.9,0.002389487,0.00718566,0.029057734,1290.566,0.018927131,
9/1/1972,42.1,0.004761914,0.009546612,0.031365659,1290.566,0.018927131,
10/1/1972,42.2,0.00237248,0.009523882,0.031290158,1328.904,0.029273661,
11/1/1972,42.4,0.004728141,0.011862535,0.033576296,1328.904,0.029273661,
12/1/1972,42.5,0.002355714,0.009456335,0.033495954,1328.904,0.029273661,
1/1/1973,42.7,0.004694844,0.011778699,0.035760664,1377.49,0.03590846,
2/1/1973,43,0.007001195,0.014051753,0.037919235,1377.49,0.03590846,
3/1/1973,43.4,0.009259325,0.020955365,0.04717856,1377.49,0.03590846,
4/1/1973,43.7,0.006888661,0.023149182,0.051654675,1413.887,0.026079647,
5/1/1973,43.9,0.004566218,0.020714204,0.053814153,1413.887,0.026079647,
6/1/1973,44.2,0.006810469,0.018265348,0.05822366,1413.887,0.026079647,
7/1/1973,44.2,0,0.011376687,0.05582845,1433.838,0.014012116,
8/1/1973,45,0.017937701,0.02474817,0.071376663,1433.838,0.014012116,
9/1/1973,45.2,0.004434597,0.022372298,0.071049346,1433.838,0.014012116,
10/1/1973,45.6,0.00881063,0.031182927,0.077487495,1476.289,0.029176741,
11/1/1973,45.9,0.006557401,0.019802627,0.079316755,1476.289,0.029176741,
12/1/1973,46.3,0.008676844,0.024044874,0.085637885,1476.289,0.029176741,
1/1/1974,46.8,0.010741242,0.025975486,0.091684283,1491.209,0.010055694,
2/1/1974,47.3,0.010627093,0.030045178,0.09531018,1491.209,0.010055694,
3/1/1974,47.8,0.010515344,0.031883678,0.096566198,1491.209,0.010055694,
4/1/1974,48.1,0.006256538,0.027398974,0.095934075,1530.056,0.025717136,
5/1/1974,48.6,0.010341354,0.027113235,0.101709211,1530.056,0.025717136,
6/1/1974,49,0.008196767,0.024794659,0.103095509,1530.056,0.025717136,
7/1/1974,49.3,0.006103783,0.024641904,0.109199292,1560.026,0.019398152,
8/1/1974,49.9,0.012096922,0.026397472,0.103358513,1560.026,0.019398152,
9/1/1974,50.6,0.013930574,0.032131278,0.112854489,1560.026,0.019398152,
10/1/1974,51,0.007874056,0.033901552,0.111917916,1599.679,0.025100496,
11/1/1974,51.5,0.009756175,0.031560805,0.115116691,1599.679,0.025100496,
12/1/1974,51.9,0.007736983,0.025367214,0.114176829,1599.679,0.025100496,
1/1/1975,52.3,0.007677581,0.025170738,0.111113168,1616.116,0.010222756,
2/1/1975,52.6,0.005719749,0.021134312,0.106205824,1616.116,0.010222756,
3/1/1975,52.8,0.003795071,0.017192401,0.099485551,1616.116,0.010222756,
4/1/1975,53,0.003780723,0.013295542,0.097009736,1651.853,0.021871948,
5/1/1975,53.1,0.001885015,0.009460809,0.088553397,1651.853,0.021871948,
6/1/1975,53.5,0.007504726,0.013170463,0.087861356,1651.853,0.021871948,
7/1/1975,54,0.009302393,0.018692133,0.091059966,1709.82,0.034490414,
8/1/1975,54.2,0.003696862,0.02050398,0.082659906,1709.82,0.034490414,
9/1/1975,54.6,0.007352974,0.020352229,0.076082306,1709.82,0.034490414,
10/1/1975,54.9,0.005479466,0.016529302,0.073687716,1761.831,0.029965507,
11/1/1975,55.3,0.00725956,0.020092,0.071191101,1761.831,0.029965507,
12/1/1975,55.6,0.005410293,0.018149319,0.068864411,1761.831,0.029965507,
1/1/1976,55.8,0.003590668,0.016260521,0.064777498,1820.487,0.032750439,
2/1/1976,55.9,0.001790511,0.010791472,0.06084826,1820.487,0.032750439,
3/1/1976,56,0.001787311,0.007168489,0.0588405,1820.487,0.032750439,
4/1/1976,56.1,0.001784122,0.005361943,0.056843899,1852.332,0.017341338,
5/1/1976,56.4,0.005333346,0.008904778,0.06029223,1852.332,0.017341338,
6/1/1976,56.7,0.005305052,0.01242252,0.058092557,1852.332,0.017341338,
7/1/1976,57,0.005277057,0.015915455,0.054067221,1886.558,0.018308619,
8/1/1976,57.3,0.005249356,0.015831465,0.055619715,1886.558,0.018308619,
9/1/1976,57.6,0.005221944,0.015748357,0.053488685,1886.558,0.018308619,
10/1/1976,57.9,0.005194817,0.015666117,0.053204036,1934.273,0.024977541,
11/1/1976,58.1,0.003448279,0.01386504,0.049392755,1934.273,0.024977541,
12/1/1976,58.4,0.005150226,0.013793322,0.049132689,1934.273,0.024977541,
1/1/1977,58.7,0.005123837,0.013722342,0.050665857,1988.648,0.027723466,
2/1/1977,59.3,0.010169579,0.020443642,0.059044926,1988.648,0.027723466,
3/1/1977,59.6,0.005046268,0.020339684,0.062303883,1988.648,0.027723466,
4/1/1977,60,0.006688988,0.021904835,0.06720875,2055.909,0.033263075,
5/1/1977,60.2,0.00332779,0.015063046,0.065203194,2055.909,0.033263075,
6/1/1977,60.5,0.004971013,0.014987791,0.064869154,2055.909,0.033263075,
7/1/1977,60.8,0.004946424,0.013245227,0.064538521,2118.473,0.02997746,
8/1/1977,61.1,0.004922077,0.014839514,0.064211242,2118.473,0.02997746,
9/1/1977,61.3,0.003267977,0.013136478,0.062257275,2118.473,0.02997746,
10/1/1977,61.6,0.004882028,0.013072082,0.061944486,2164.27,0.021387576,
11/1/1977,62,0.006472515,0.014622519,0.064968721,2164.27,0.021387576,
12/1/1977,62.3,0.004827041,0.016181583,0.064645536,2164.27,0.021387576,
1/1/1978,62.7,0.006400022,0.017699577,0.065921721,2202.76,0.017627997,
2/1/1978,63,0.004773279,0.016000341,0.06052542,2202.76,0.017627997,
3/1/1978,63.4,0.006329135,0.017502436,0.061808287,2202.76,0.017627997,
4/1/1978,63.9,0.0078555,0.018957914,0.062974799,2331.633,0.056857761,
5/1/1978,64.5,0.009345862,0.023530497,0.068992871,2331.633,0.056857761,
6/1/1978,65,0.007722046,0.024923408,0.071743905,2331.633,0.056857761,
7/1/1978,65.5,0.007662873,0.024730781,0.074460354,2395.053,0.02683648,
8/1/1978,65.9,0.006088299,0.021473218,0.075626575,2395.053,0.02683648,
9/1/1978,66.5,0.009063506,0.022814678,0.081422105,2395.053,0.02683648,
10/1/1978,67.1,0.008982096,0.024133901,0.085522173,2476.949,0.033622201,
11/1/1978,67.5,0.005943554,0.023989156,0.084993213,2476.949,0.033622201,
12/1/1978,67.9,0.005908437,0.020834087,0.086074609,2476.949,0.033622201,
1/1/1979,68.5,0.008797711,0.020649701,0.088472298,2526.61,0.019850922,
2/1/1979,69.2,0.010167117,0.024873265,0.093866136,2526.61,0.019850922,
3/1/1979,69.9,0.010064787,0.029029615,0.097601788,2526.61,0.019850922,
4/1/1979,70.6,0.009964495,0.030196399,0.099710783,2591.247,0.025260744,
5/1/1979,71.4,0.011267725,0.031297007,0.101632646,2591.247,0.025260744,
6/1/1979,72.2,0.011142177,0.032374397,0.105052776,2591.247,0.025260744,
7/1/1979,73,0.011019395,0.033429297,0.108409299,2667.565,0.029026844,
8/1/1979,73.7,0.009543358,0.03170493,0.111864358,2667.565,0.029026844,
9/1/1979,74.4,0.009453143,0.030015896,0.112253994,2667.565,0.029026844,
10/1/1979,75.2,0.010695289,0.02969179,0.113967187,2723.883,0.020892365,
11/1/1979,76,0.010582109,0.030730541,0.118605742,2723.883,0.020892365,
12/1/1979,76.9,0.011772536,0.033049935,0.124469842,2723.883,0.020892365,
1/1/1980,78,0.01420295,0.036557596,0.129875081,2789.842,0.023926528,
2/1/1980,79,0.012739026,0.038714512,0.13244699,2789.842,0.023926528,
3/1/1980,80.1,0.013828002,0.040769978,0.136210205,2789.842,0.023926528,
4/1/1980,80.9,0.00993797,0.036504997,0.13618368,2797.352,0.002688292,
5/1/1980,81.7,0.009840178,0.033606149,0.134756133,2797.352,0.002688292,
6/1/1980,82.5,0.009744291,0.029522439,0.133358247,2797.352,0.002688292,
7/1/1980,82.6,0.001211387,0.020795856,0.123550239,2856.483,0.020917892,
8/1/1980,83.2,0.007237667,0.018193346,0.121244549,2856.483,0.020917892,
9/1/1980,83.9,0.008378266,0.01682732,0.120169672,2856.483,0.020917892,
10/1/1980,84.7,0.009489988,0.025105921,0.118964371,2985.557,0.044195181,
11/1/1980,85.6,0.010569681,0.028437935,0.118951943,2985.557,0.044195181,
12/1/1980,86.4,0.009302393,0.029362062,0.116481799,2985.557,0.044195181,
1/1/1981,87.2,0.009216655,0.029088729,0.111495504,3124.206,0.045393842,
2/1/1981,88,0.009132484,0.027651531,0.107888962,3124.206,0.045393842,
3/1/1981,88.6,0.006795043,0.025144182,0.100856004,3124.206,0.045393842,
4/1/1981,89.1,0.005627477,0.021555004,0.09654551,3162.532,0.012192802,
5/1/1981,89.7,0.006711435,0.019133955,0.093416767,3162.532,0.012192802,
6/1/1981,90.5,0.008879082,0.021217993,0.092551557,3162.532,0.012192802,
7/1/1981,91.5,0.010989122,0.026579638,0.102329292,3260.609,0.030541015,
8/1/1981,92.2,0.007621158,0.027489361,0.102712783,3260.609,0.030541015,
9/1/1981,93.1,0.009714054,0.028324334,0.104048571,3260.609,0.030541015,
10/1/1981,93.4,0.003217161,0.020552373,0.097775744,3280.818,0.006178794,
11/1/1981,93.8,0.004273511,0.017204725,0.091479573,3280.818,0.006178794,
12/1/1981,94.1,0.003193191,0.010683862,0.085370371,3280.818,0.006178794,
1/1/1982,94.4,0.003183027,0.010649728,0.079336742,3274.302,-0.001988065,
2/1/1982,94.7,0.003172927,0.009549144,0.073377186,3274.302,-0.001988065,
3/1/1982,94.7,0,0.006355954,0.066582143,3274.302,-0.001988065,
4/1/1982,95,0.003162891,0.006335818,0.064117557,3331.972,0.017459604,
5/1/1982,95.9,0.00942909,0.012591982,0.066835213,3331.972,0.017459604,
6/1/1982,97,0.011404997,0.023996978,0.069361128,3331.972,0.017459604,
7/1/1982,97.5,0.0051414,0.025975486,0.063513406,3366.322,0.010256433,
8/1/1982,97.7,0.002049181,0.018595577,0.057941428,3366.322,0.010256433,
9/1/1982,97.7,0,0.007190581,0.048227375,3366.322,0.010256433,
10/1/1982,98.1,0.004085808,0.006134989,0.049096021,3402.561,0.01070763,
11/1/1982,98,-0.001019888,0.00306592,0.043802623,3402.561,0.01070763,
12/1/1982,97.7,-0.00306592,0,0.037543512,3402.561,0.01070763,
1/1/1983,97.9,0.00204499,-0.002040817,0.036405476,3473.413,0.020609301,
2/1/1983,98,0.001020929,0,0.034253478,3473.413,0.020609301,
3/1/1983,98.1,0.001019888,0.004085808,0.035273366,3473.413,0.020609301,
4/1/1983,98.8,0.007110238,0.009151055,0.039220713,3578.848,0.029903277,
5/1/1983,99.2,0.00404041,0.012170536,0.033832032,3578.848,0.029903277,
6/1/1983,99.4,0.002014099,0.013164747,0.024441135,3578.848,0.029903277,
7/1/1983,99.8,0.00401607,0.010070579,0.023315805,3689.179,0.030362979,
8/1/1983,100.1,0.003001503,0.009031672,0.024268127,3689.179,0.030362979,
9/1/1983,100.4,0.002992521,0.010010094,0.027260648,3689.179,0.030362979,
10/1/1983,100.8,0.003976148,0.009970172,0.027150989,3794.706,0.028202997,
11/1/1983,101.1,0.00297177,0.00994044,0.031142647,3794.706,0.028202997,
12/1/1983,101.4,0.002962965,0.009910884,0.037171532,3794.706,0.028202997,
1/1/1984,102.1,0.006879634,0.01281437,0.042006176,3908.054,0.029432614,
2/1/1984,102.6,0.004885208,0.014727807,0.045870454,3908.054,0.029432614,
3/1/1984,102.9,0.00291971,0.014684552,0.047770276,3908.054,0.029432614,
4/1/1984,103.3,0.003879733,0.011684651,0.044539771,4009.601,0.025652183,
5/1/1984,103.5,0.001934237,0.00873368,0.042433598,4009.601,0.025652183,
6/1/1984,103.7,0.001930503,0.007744472,0.042350002,4009.601,0.025652183,
7/1/1984,104.1,0.00384986,0.007714599,0.042183792,4084.25,0.018446378,
8/1/1984,104.4,0.0028777,0.008658063,0.042059989,4084.25,0.018446378,
9/1/1984,104.7,0.002869442,0.009597003,0.041936911,4084.25,0.018446378,
10/1/1984,105.1,0.00381316,0.009560302,0.041773922,4148.551,0.015621004,
11/1/1984,105.3,0.001901141,0.008583744,0.040703293,4148.551,0.015621004,
12/1/1984,105.5,0.001897534,0.007611835,0.039637862,4148.551,0.015621004,
1/1/1985,105.7,0.00189394,0.005692615,0.034652168,4230.168,0.019482592,
2/1/1985,106.3,0.005660392,0.009451866,0.035427353,4230.168,0.019482592,
3/1/1985,106.8,0.004692641,0.012246974,0.037200284,4230.168,0.019482592,
4/1/1985,107,0.001870908,0.012223942,0.035191458,4294.887,0.015183537,
5/1/1985,107.2,0.001867414,0.008430963,0.035124636,4294.887,0.015183537,
6/1/1985,107.5,0.002794599,0.006532921,0.035988732,4294.887,0.015183537,
7/1/1985,107.7,0.001858737,0.00652075,0.033997609,4386.773,0.021168632,
8/1/1985,107.9,0.001855288,0.006508624,0.032975197,4386.773,0.021168632,
9/1/1985,108.1,0.001851852,0.005565877,0.031957607,4386.773,0.021168632,
10/1/1985,108.5,0.003693448,0.007400589,0.031837895,4444.094,0.012982147,
11/1/1985,109,0.004597709,0.01014301,0.034534463,4444.094,0.012982147,
12/1/1985,109.5,0.004576667,0.012867825,0.037213596,4444.094,0.012982147,
1/1/1986,109.9,0.003646312,0.012820688,0.038965969,4507.894,0.014254058,
2/1/1986,109.7,-0.001821494,0.006401485,0.031484082,4507.894,0.014254058,
3/1/1986,109.1,-0.005484474,-0.003659656,0.021306966,4507.894,0.014254058,
4/1/1986,108.7,-0.003673099,-0.010979067,0.01576296,4545.34,0.00827245,
5/1/1986,109,0.002756088,-0.006401485,0.016651634,4545.34,0.00827245,
6/1/1986,109.4,0.003663008,0.002745997,0.017520042,4545.34,0.00827245,
7/1/1986,109.5,0.000913659,0.007332755,0.016574965,4607.669,0.013619557,
8/1/1986,109.6,0.000912825,0.005489492,0.015632502,4607.669,0.013619557,
9/1/1986,110,0.003642991,0.005469476,0.017423641,4607.669,0.013619557,
10/1/1986,110.2,0.001816531,0.006372347,0.015546724,4657.627,0.010784002,
11/1/1986,110.4,0.001813237,0.007272759,0.012762252,4657.627,0.010784002,
12/1/1986,110.8,0.00361664,0.007246409,0.011802225,4657.627,0.010784002,
1/1/1987,111.4,0.005400553,0.010830431,0.013556466,4722.156,0.013759384,
2/1/1987,111.8,0.003584233,0.012601427,0.018962193,4722.156,0.013759384,
3/1/1987,112.2,0.003571432,0.012556219,0.0280181,4722.156,0.013759384,
4/1/1987,112.7,0.004446428,0.011602094,0.036137627,4806.16,0.017632954,
5/1/1987,113,0.002658398,0.010676258,0.036039936,4806.16,0.017632954,
6/1/1987,113.5,0.004415018,0.011519844,0.036791947,4806.16,0.017632954,
7/1/1987,113.8,0.002639685,0.009713101,0.038517972,4884.555,0.016179758,
8/1/1987,114.3,0.004384049,0.011438752,0.041989196,4884.555,0.016179758,
9/1/1987,114.7,0.003493453,0.010517187,0.041839658,4884.555,0.016179758,
10/1/1987,115,0.002612104,0.010489607,0.042635232,5007.994,0.02495725,
11/1/1987,115.4,0.003472226,0.009577783,0.04429422,5007.994,0.02495725,
12/1/1987,115.6,0.001731602,0.007815932,0.042409182,5007.994,0.02495725,
1/1/1988,116,0.003454235,0.008658063,0.040462864,5073.372,0.01297025,
2/1/1988,116.2,0.001722653,0.00690849,0.038601284,5073.372,0.01297025,
3/1/1988,116.5,0.002578429,0.007755317,0.03760828,5073.372,0.01297025,
4/1/1988,117.2,0.005990604,0.010291686,0.039152456,5190.036,0.022734948,
5/1/1988,117.5,0.002556456,0.011125489,0.039050515,5190.036,0.022734948,
6/1/1988,118,0.004246291,0.012793351,0.038881788,5190.036,0.022734948,
7/1/1988,118.5,0.004228336,0.011031083,0.040470439,5282.835,0.017722252,
8/1/1988,119,0.004210533,0.01268516,0.040296922,5282.835,0.017722252,
9/1/1988,119.5,0.004192878,0.012631747,0.040996347,5282.835,0.017722252,
10/1/1988,119.9,0.003341691,0.011745101,0.041725934,5399.509,0.021845138,
11/1/1988,120.3,0.003330561,0.01086513,0.041584269,5399.509,0.021845138,
12/1/1988,120.7,0.003319505,0.009991757,0.043172172,5399.509,0.021845138,
1/1/1989,121.2,0.004133946,0.010784012,0.043851883,5511.253,0.020483979,
2/1/1989,121.6,0.003294896,0.010748347,0.045424125,5511.253,0.020483979,
3/1/1989,122.2,0.004922077,0.012350919,0.047767774,5511.253,0.020483979,
4/1/1989,123.1,0.007337986,0.01555496,0.049115156,5612.463,0.018197659,
5/1/1989,123.7,0.004862246,0.01712231,0.051420946,5612.463,0.018197659,
6/1/1989,124.1,0.003228413,0.015428645,0.050403068,5612.463,0.018197659,
7/1/1989,124.5,0.003218024,0.011308683,0.049392755,5695.365,0.014663026,
8/1/1989,124.5,0,0.006446437,0.045182223,5695.365,0.014663026,
9/1/1989,124.8,0.00240674,0.005624764,0.043396085,5695.365,0.014663026,
10/1/1989,125.4,0.004796172,0.007202912,0.044850566,5747.237,0.009066531,
11/1/1989,125.9,0.003979313,0.011182225,0.045499318,5747.237,0.009066531,
12/1/1989,126.3,0.003172088,0.011947573,0.045351901,5747.237,0.009066531,
1/1/1990,127.5,0.009456335,0.016607736,0.050674291,5872.701,0.021595447,
2/1/1990,128,0.003913899,0.016542323,0.051293294,5872.701,0.021595447,
3/1/1990,128.6,0.004676548,0.018046782,0.051047765,5872.701,0.021595447,
4/1/1990,128.9,0.002330098,0.010920545,0.046039877,5960.028,0.014760515,
5/1/1990,129.1,0.001550388,0.008557034,0.042728018,5960.028,0.014760515,
6/1/1990,129.9,0.006177626,0.010058112,0.045677231,5960.028,0.014760515,
7/1/1990,130.5,0.004608303,0.012336317,0.047067511,6015.116,0.009200455,
8/1/1990,131.6,0.008393792,0.019179721,0.055461303,6015.116,0.009200455,
9/1/1990,132.5,0.006815627,0.019817722,0.059870189,6015.116,0.009200455,
10/1/1990,133.4,0.006769488,0.021978907,0.061843505,6004.733,-0.001727643,
11/1/1990,133.7,0.002246351,0.015831465,0.060110543,6004.733,-0.001727643,
12/1/1990,134.2,0.00373274,0.012748579,0.060671195,6004.733,-0.001727643,
1/1/1991,134.7,0.003718859,0.00969795,0.054933719,6035.178,0.005057357,
2/1/1991,134.8,0.000742115,0.008193714,0.051761935,6035.178,0.005057357,
3/1/1991,134.8,0,0.004460974,0.047085387,6035.178,0.005057357,
4/1/1991,135.1,0.002223046,0.002965162,0.046978335,6126.862,0.015077362,
5/1/1991,135.6,0.003694131,0.005917177,0.049122078,6126.862,0.015077362,
6/1/1991,136,0.00294551,0.008862687,0.045889962,6126.862,0.015077362,
7/1/1991,136.2,0.001469508,0.008109149,0.042751167,6205.937,0.012823704,
8/1/1991,136.6,0.002932553,0.007347572,0.037289928,6205.937,0.012823704,
9/1/1991,137,0.002923979,0.00732604,0.03339828,6205.937,0.012823704,
10/1/1991,137.2,0.001458789,0.007315322,0.028087582,6264.54,0.009398747,
11/1/1991,137.8,0.004363643,0.008746411,0.030204874,6264.54,0.009398747,
12/1/1991,138.2,0.002898553,0.008720986,0.029370687,6264.54,0.009398747,
1/1/1992,138.3,0.000723327,0.007985523,0.026375155,6363.102,0.015610832,
2/1/1992,138.6,0.002166848,0.005788728,0.027799888,6363.102,0.015610832,
3/1/1992,139.1,0.003601012,0.006491188,0.0314009,6363.102,0.015610832,
4/1/1992,139.4,0.002154399,0.00792226,0.031332253,6470.763,0.016778036,
5/1/1992,139.7,0.002149768,0.00790518,0.029787891,6470.763,0.016778036,
6/1/1992,140.1,0.002859187,0.007163354,0.029701568,6470.763,0.016778036,
7/1/1992,140.5,0.002851035,0.00785999,0.031083095,6566.641,0.014708408,
8/1/1992,140.8,0.002132955,0.007843177,0.030283497,6566.641,0.014708408,
9/1/1992,141.1,0.002128415,0.007112406,0.029487933,6566.641,0.014708408,
10/1/1992,141.7,0.004243288,0.008504658,0.032272431,6680.803,0.017235751,
11/1/1992,142.1,0.002818888,0.009190591,0.030727677,6680.803,0.017235751,
12/1/1992,142.3,0.00140647,0.008468646,0.029235594,6680.803,0.017235751,
1/1/1993,142.8,0.003507545,0.007732903,0.032019811,6729.459,0.007256564,
2/1/1993,143.1,0.002098637,0.007012651,0.0319516,6729.459,0.007256564,
3/1/1993,143.3,0.001396648,0.00700283,0.029747236,6729.459,0.007256564,
4/1/1993,143.8,0.00348311,0.006978395,0.031075947,6808.939,0.011741554,
5/1/1993,144.2,0.00277778,0.007657538,0.031703959,6808.939,0.011741554,
6/1/1993,144.3,0.000693241,0.006954131,0.029538012,6808.939,0.011741554,
7/1/1993,144.5,0.001385042,0.004856062,0.028072019,6882.098,0.01068724,
8/1/1993,144.8,0.002073972,0.004152255,0.028013036,6882.098,0.01068724,
9/1/1993,145,0.001380262,0.004839277,0.027264884,6882.098,0.01068724,
10/1/1993,145.6,0.004129393,0.007583628,0.027150989,7013.738,0.01894725,
11/1/1993,146,0.002743486,0.008253142,0.027075587,7013.738,0.01894725,
12/1/1993,146.3,0.002052686,0.008925566,0.027721803,7013.738,0.01894725,
1/1/1994,146.3,0,0.004796172,0.024214258,7115.652,0.014426068,
2/1/1994,146.7,0.002730377,0.004783063,0.024845999,7115.652,0.014426068,
3/1/1994,147.1,0.002722942,0.00545332,0.026172293,7115.652,0.014426068,
4/1/1994,147.2,0.000679579,0.006132898,0.023368761,7246.931,0.018281204,
5/1/1994,147.5,0.002035969,0.005438491,0.022626951,7246.931,0.018281204,
6/1/1994,147.9,0.002708194,0.005423742,0.024641904,7246.931,0.018281204,
7/1/1994,148.4,0.003374961,0.008119124,0.026631823,7331.075,0.011544094,
8/1/1994,149,0.004034975,0.01011813,0.028592826,7331.075,0.011544094,
9/1/1994,149.3,0.002011399,0.009421335,0.029223962,7331.075,0.011544094,
10/1/1994,149.4,0.000669568,0.006715942,0.025764137,7455.288,0.016801417,
11/1/1994,149.8,0.002673798,0.005354765,0.025694449,7455.288,0.016801417,
12/1/1994,150.1,0.002000668,0.005344034,0.025642431,7455.288,0.016801417,
1/1/1995,150.5,0.002661346,0.007335811,0.028303776,7522.289,0.008946901,
2/1/1995,150.9,0.002654282,0.007316295,0.028227681,7522.289,0.008946901,
3/1/1995,151.2,0.001986098,0.007301725,0.027490836,7522.289,0.008946901,
4/1/1995,151.8,0.003960401,0.008600781,0.030771659,7580.997,0.007774241,
5/1/1995,152.1,0.001974334,0.007920833,0.030710023,7580.997,0.007774241,
6/1/1995,152.4,0.001970444,0.00790518,0.029972274,7580.997,0.007774241,
7/1/1995,152.6,0.001311476,0.005256254,0.027908788,7683.125,0.013381644,
8/1/1995,152.9,0.001963994,0.005245914,0.025837807,7683.125,0.013381644,
9/1/1995,153.1,0.00130719,0.004582659,0.025133598,7683.125,0.013381644,
10/1/1995,153.5,0.002609264,0.005880448,0.027073294,7772.586,0.011576562,
11/1/1995,153.7,0.001302084,0.005218538,0.025701579,7772.586,0.011576562,
12/1/1995,153.9,0.00130039,0.005211738,0.025001302,7772.586,0.011576562,
1/1/1996,154.7,0.005184717,0.007787191,0.027524673,7868.468,0.012260453,
2/1/1996,155,0.001937359,0.008422466,0.026807751,7868.468,0.012260453,
3/1/1996,155.5,0.003220615,0.010342691,0.028042268,7868.468,0.012260453,
4/1/1996,156.1,0.003851096,0.00900907,0.027932963,8032.84,0.020674759,
5/1/1996,156.4,0.001920001,0.008991711,0.027878629,8032.84,0.020674759,
6/1/1996,156.7,0.001916321,0.007687418,0.027824506,8032.84,0.020674759,
7/1/1996,157,0.001912656,0.005748978,0.028425686,8131.408,0.012195955,
8/1/1996,157.2,0.001273075,0.005102052,0.027734767,8131.408,0.012195955,
9/1/1996,157.7,0.003175614,0.006361345,0.029603191,8131.408,0.012195955,
10/1/1996,158.2,0.003165561,0.00761425,0.030159488,8259.771,0.015662769,
11/1/1996,158.7,0.003155572,0.009496748,0.032012977,8259.771,0.015662769,
12/1/1996,159.1,0.002517308,0.008838441,0.033229894,8259.771,0.015662769,
1/1/1997,159.4,0.001883831,0.007556711,0.029929009,8362.655,0.012379097,
2/1/1997,159.7,0.001880289,0.006281428,0.029871938,8362.655,0.012379097,
3/1/1997,159.8,0.000625978,0.004390098,0.027277302,8362.655,0.012379097,
4/1/1997,159.9,0.000625587,0.003131853,0.024051792,8518.825,0.01850246,
5/1/1997,159.9,0,0.001251565,0.022131792,8518.825,0.01850246,
6/1/1997,160.2,0.001874415,0.002500001,0.022089885,8518.825,0.01850246,
7/1/1997,160.4,0.001247661,0.003122076,0.02142489,8662.823,0.01676223,
8/1/1997,160.8,0.002490661,0.005612737,0.022642477,8662.823,0.01676223,
9/1/1997,161.2,0.002484473,0.006222795,0.021951336,8662.823,0.01676223,
10/1/1997,161.5,0.001859313,0.006834447,0.020645087,8765.907,0.011829342,
11/1/1997,161.7,0.001237624,0.00558141,0.018727139,8765.907,0.011829342,
12/1/1997,161.8,0.000618238,0.003715175,0.016828069,8765.907,0.011829342,
1/1/1998,162,0.001235331,0.003091193,0.016179569,8866.48,0.011407881,
2/1/1998,162,0,0.001853569,0.01429928,8866.48,0.011407881,
3/1/1998,162,0,0.001235331,0.013673302,8866.48,0.011407881,
4/1/1998,162.2,0.001233806,0.001233806,0.014281522,8969.699,0.011574245,
5/1/1998,162.6,0.002463055,0.003696862,0.016744577,8969.699,0.011574245,
6/1/1998,162.8,0.001229256,0.004926118,0.016099419,8969.699,0.011574245,
7/1/1998,163.2,0.002453989,0.006146301,0.017305747,9121.097,0.016737963,
8/1/1998,163.4,0.00122474,0.004907985,0.016039826,9121.097,0.016737963,
9/1/1998,163.5,0.000611808,0.004290537,0.01416716,9121.097,0.016737963,
10/1/1998,163.9,0.002443495,0.004280043,0.014751343,9293.991,0.01877798,
11/1/1998,164.1,0.001219512,0.004274816,0.014733232,9293.991,0.01877798,
12/1/1998,164.4,0.001826485,0.005489492,0.015941478,9293.991,0.01877798,
1/1/1999,164.7,0.001823155,0.004869151,0.016529302,9411.682,0.012583621,
2/1/1999,164.7,0,0.003649639,0.016529302,9411.682,0.012583621,
3/1/1999,164.8,0.00060698,0.002430135,0.017136282,9411.682,0.012583621,
4/1/1999,165.9,0.00665258,0.00725956,0.022555056,9526.21,0.012095263,
5/1/1999,166,0.000602591,0.007862151,0.020694591,9526.21,0.012095263,
6/1/1999,166,0,0.007255171,0.019465335,9526.21,0.012095263,
7/1/1999,166.7,0.004208001,0.004810593,0.021219347,9686.626,0.016699224,
8/1/1999,167.1,0.002396646,0.006604647,0.022391253,9686.626,0.016699224,
9/1/1999,167.8,0.004180358,0.010785006,0.025959804,9686.626,0.016699224,
10/1/1999,168.1,0.001786246,0.008363251,0.025302555,9900.169,0.021805656,
11/1/1999,168.4,0.001783061,0.007749666,0.025866104,9900.169,0.021805656,
12/1/1999,168.8,0.00237248,0.005941788,0.0264121,9900.169,0.021805656,
1/1/2000,169.3,0.002957707,0.007113249,0.027546652,10002.179,0.010251142,
2/1/2000,170,0.004126148,0.009456335,0.0316728,10002.179,0.010251142,
3/1/2000,171,0.005865119,0.012948974,0.036930939,10002.179,0.010251142,
4/1/2000,170.9,-0.000584966,0.009406301,0.029693393,10247.72,0.024252273,
5/1/2000,171.2,0.001753874,0.007034027,0.030844675,10247.72,0.024252273,
6/1/2000,172.2,0.005824128,0.006993035,0.036668804,10247.72,0.024252273,
7/1/2000,172.7,0.002899393,0.010477395,0.035360195,10318.165,0.006850692,
8/1/2000,172.7,0,0.008723521,0.03296355,10318.165,0.006850692,
9/1/2000,173.6,0.005197817,0.00809721,0.033981008,10318.165,0.006850692,
10/1/2000,173.9,0.001726619,0.006924436,0.033921381,10435.744,0.011330902,
11/1/2000,174.2,0.001723643,0.008648079,0.033861963,10435.744,0.011330902,
12/1/2000,174.6,0.002293579,0.005743841,0.033783061,10435.744,0.011330902,
1/1/2001,175.6,0.005711038,0.00972826,0.036536392,10470.231,0.003299251,
2/1/2001,176,0.002275314,0.010279931,0.034685558,10470.231,0.003299251,
3/1/2001,176.1,0.00056802,0.008554372,0.029388459,10470.231,0.003299251,
4/1/2001,176.4,0.001702128,0.004545462,0.031675553,10599,0.012223569,
5/1/2001,177.3,0.00508907,0.007359218,0.035010749,10599,0.012223569,
6/1/2001,177.7,0.002253522,0.00904472,0.031440143,10599,0.012223569,
7/1/2001,177.4,-0.001689665,0.005652926,0.026851085,10598.02,-9.24658E-05,
8/1/2001,177.4,0,0.000563857,0.026851085,10598.02,-9.24658E-05,
9/1/2001,178.1,0.00393812,0.002248455,0.025591388,10598.02,-9.24658E-05,
10/1/2001,177.6,-0.00281136,0.001126761,0.021053409,10660.465,0.005874848,
11/1/2001,177.5,-0.000563222,0.000563539,0.018766544,10660.465,0.005874848,
12/1/2001,177.4,-0.000563539,-0.00393812,0.015909426,10660.465,0.005874848,
1/1/2002,177.7,0.001689665,0.000562905,0.011888054,10783.5,0.011475149,
2/1/2002,178,0.001686815,0.002812941,0.011299555,10783.5,0.011475149,
3/1/2002,178.5,0.002805051,0.006181531,0.013536586,10783.5,0.011475149,
4/1/2002,179.3,0.004471779,0.008963645,0.016306237,10887.46,0.00959448,
5/1/2002,179.5,0.001114827,0.008391658,0.012331995,10887.46,0.00959448,
6/1/2002,179.6,0.000556948,0.006143555,0.010635421,10887.46,0.00959448,
7/1/2002,180,0.002224695,0.00389647,0.014549781,10984.04,0.008831642,
8/1/2002,180.5,0.002773927,0.00555557,0.017323708,10984.04,0.008831642,
9/1/2002,180.8,0.00166067,0.006659292,0.015046258,10984.04,0.008831642,
10/1/2002,181.2,0.002209946,0.006644543,0.020067563,11061.433,0.007021244,
11/1/2002,181.5,0.00165426,0.005524876,0.022285045,11061.433,0.007021244,
12/1/2002,181.8,0.001651528,0.005515734,0.024500112,11061.433,0.007021244,
1/1/2003,182.6,0.004390786,0.007696575,0.027201233,11174.129,0.010136642,
2/1/2003,183.6,0.00546151,0.011503824,0.030975928,11174.129,0.010136642,
3/1/2003,183.9,0.001632653,0.01148495,0.02980353,11174.129,0.010136642,
4/1/2003,183.2,-0.003813679,0.003280484,0.021518072,11312.766,0.012330627,
5/1/2003,182.9,-0.001638897,-0.003819923,0.018764347,11312.766,0.012330627,
6/1/2003,183.1,0.001092896,-0.00435968,0.019300296,11312.766,0.012330627,
7/1/2003,183.7,0.003271541,0.00272554,0.020347141,11566.669,0.022195777,
8/1/2003,184.5,0.004345471,0.008709908,0.021918686,11566.669,0.022195777,
9/1/2003,185.1,0.003246756,0.010863768,0.023504772,11566.669,0.022195777,
10/1/2003,184.9,-0.001081081,0.006511146,0.020213745,11772.234,0.017616108,
11/1/2003,185,0.000540687,0.002706362,0.019100171,11772.234,0.017616108,
12/1/2003,185.5,0.002699057,0.002158662,0.0201477,11772.234,0.017616108,
1/1/2004,186.3,0.004303396,0.007543139,0.020060309,11923.447,0.01276309,
2/1/2004,186.7,0.002144773,0.009147225,0.016743572,11923.447,0.01276309,
3/1/2004,187.1,0.002140183,0.008588351,0.017251102,11923.447,0.01276309,
4/1/2004,187.4,0.001602137,0.005887092,0.022666918,12112.815,0.015757185,
5/1/2004,188.2,0.004259857,0.008002177,0.028565672,12112.815,0.015757185,
6/1/2004,188.9,0.003712547,0.009574541,0.031185323,12112.815,0.015757185,
7/1/2004,189.1,0.001058201,0.009030606,0.028971983,12305.307,0.01576665,
8/1/2004,189.2,0.000528681,0.005299429,0.025155193,12305.307,0.01576665,
9/1/2004,189.8,0.00316623,0.004753112,0.025074667,12305.307,0.01576665,
10/1/2004,190.8,0.005254873,0.008949783,0.031410621,12527.214,0.017872765,
11/1/2004,191.7,0.004705891,0.013126993,0.035575825,12527.214,0.017872765,
12/1/2004,191.7,0,0.009960764,0.032876768,12527.214,0.017872765,
1/1/2005,191.6,-0.000521785,0.004184107,0.028051588,12767.286,0.01898272,
2/1/2005,192.4,0.004166673,0.003644888,0.030073488,12767.286,0.01898272,
3/1/2005,193.1,0.003631651,0.007276539,0.031564956,12767.286,0.01898272,
4/1/2005,193.7,0.003102381,0.010900705,0.033065201,12922.656,0.012095932,
5/1/2005,193.6,-0.000516396,0.006217637,0.028288948,12922.656,0.012095932,
6/1/2005,193.7,0.000516396,0.003102381,0.025092796,12922.656,0.012095932,
7/1/2005,194.9,0.006176036,0.006176036,0.030210631,13142.642,0.016880008,
8/1/2005,196.1,0.006138127,0.012830558,0.035820077,13142.642,0.016880008,
9/1/2005,198.8,0.013674561,0.025988724,0.046328408,13142.642,0.016880008,
10/1/2005,199.1,0.001507917,0.021320605,0.042581452,13324.204,0.013720173,
11/1/2005,198.1,-0.005035257,0.010147221,0.032840304,13324.204,0.013720173,
12/1/2005,198.1,0,-0.003527341,0.032840304,13324.204,0.013720173,
1/1/2006,199.3,0.006039274,0.001004016,0.039401362,13599.16,0.020425795,
2/1/2006,199.4,0.00050163,0.006540904,0.035736319,13599.16,0.020425795,
3/1/2006,199.7,0.001503383,0.008044287,0.033608051,13599.16,0.020425795,
4/1/2006,200.7,0.004995015,0.007000029,0.035500685,13753.424,0.011279785,
5/1/2006,201.3,0.002985077,0.009483475,0.039002158,13753.424,0.011279785,
6/1/2006,201.8,0.002480775,0.010460867,0.040966538,13753.424,0.011279785,
7/1/2006,202.9,0.005436139,0.010901991,0.04022664,13870.188,0.008453977,
8/1/2006,203.8,0.004425874,0.012342788,0.038514388,13870.188,0.008453977,
9/1/2006,202.8,-0.004918849,0.004943164,0.019920977,13870.188,0.008453977,
10/1/2006,201.9,-0.004447746,-0.004940722,0.013965314,14039.56,0.01213727,
11/1/2006,202,0.000495172,-0.008871423,0.019495744,14039.56,0.01213727,
12/1/2006,203.1,0.005430771,0.001478197,0.024926515,14039.56,0.01213727,
1/1/2007,203.437,0.001657906,0.007583849,0.020545147,14215.651,0.012464482,
2/1/2007,204.226,0.003870849,0.010959526,0.023914366,14215.651,0.012464482,
3/1/2007,205.288,0.005186647,0.010715403,0.027597631,14215.651,0.012464482,
4/1/2007,205.904,0.002996169,0.012053666,0.025598785,14402.082,0.013029239,
5/1/2007,206.755,0.004124477,0.012307294,0.026738185,14402.082,0.013029239,
6/1/2007,207.234,0.002314072,0.009434718,0.026571482,14402.082,0.013029239,
7/1/2007,207.603,0.001779012,0.008217561,0.022914355,14564.117,0.011187984,
8/1/2007,207.667,0.000308233,0.004401318,0.018796714,14564.117,0.011187984,
9/1/2007,208.547,0.0042286,0.006315846,0.027944164,14564.117,0.011187984,
10/1/2007,209.19,0.003078494,0.007615328,0.035470405,14715.058,0.010310559,
11/1/2007,210.834,0.007828164,0.015135259,0.042803397,14715.058,0.010310559,
12/1/2007,211.445,0.002893823,0.013800482,0.040266449,14715.058,0.010310559,
1/1/2008,212.174,0.003441775,0.014163763,0.042050318,14706.538,-0.000579166,
2/1/2008,212.687,0.002414909,0.008750507,0.040594378,14706.538,-0.000579166,
3/1/2008,213.448,0.003571642,0.009428326,0.038979372,14706.538,-0.000579166,
4/1/2008,213.942,0.002311707,0.008298257,0.038294909,14865.701,0.010764456,
5/1/2008,215.208,0.005900052,0.011783401,0.040070485,14865.701,0.010764456,
6/1/2008,217.463,0.010423719,0.018635478,0.048180132,14865.701,0.010764456,
7/1/2008,219.016,0.007116065,0.023439836,0.053517184,14898.999,0.002237416,
8/1/2008,218.69,-0.001489585,0.0160502,0.051719367,14898.999,0.002237416,
9/1/2008,218.877,0.000854726,0.006481207,0.048345493,14898.999,0.002237416,
10/1/2008,216.995,-0.008635616,-0.009270475,0.036631382,14608.208,-0.019710467,
11/1/2008,213.153,-0.017864094,-0.025644984,0.010939124,14608.208,-0.019710467,
12/1/2008,211.398,-0.008267605,-0.034767316,-0.000222305,14608.208,-0.019710467,
1/1/2009,211.933,0.002527574,-0.023604125,-0.001136506,14430.901,-0.012211752,
2/1/2009,212.705,0.003636042,-0.002103988,8.46278E-05,14430.901,-0.012211752,
3/1/2009,212.495,-0.000987771,0.005175846,-0.004474785,14430.901,-0.012211752,
4/1/2009,212.709,0.001006576,0.003654847,-0.005779916,14381.236,-0.003447509,
5/1/2009,213.022,0.001470412,0.001489218,-0.010209556,14381.236,-0.003447509,
6/1/2009,214.79,0.00826536,0.010742348,-0.012367914,14381.236,-0.003447509,
7/1/2009,214.726,-0.00029801,0.009437762,-0.01978199,14448.882,0.00469274,
8/1/2009,215.445,0.00334286,0.01131021,-0.014949545,14448.882,0.00469274,
9/1/2009,215.861,0.001929025,0.004973875,-0.013875246,14448.882,0.00469274,
10/1/2009,216.509,0.002997435,0.00826932,-0.002242195,14651.248,0.013908478,
11/1/2009,217.234,0.003342997,0.008269457,0.018964896,14651.248,0.013908478,
12/1/2009,217.347,0.000520041,0.006860473,0.027752542,14651.248,0.013908478,
1/1/2010,217.488,0.000648522,0.00451156,0.02587349,14764.611,0.007707649,
2/1/2010,217.281,-0.00095223,0.000216333,0.021285217,14764.611,0.007707649,
3/1/2010,217.353,0.000331313,2.76052E-05,0.022604301,14764.611,0.007707649,
4/1/2010,217.403,0.000230014,-0.000390903,0.02182774,14980.193,0.014495693,
5/1/2010,217.29,-0.000519907,4.14202E-05,0.01983742,14980.193,0.014495693,
6/1/2010,217.199,-0.000418883,-0.000708776,0.011153177,14980.193,0.014495693,
7/1/2010,217.605,0.001867509,0.000928719,0.013318696,15141.605,0.010717391,
8/1/2010,217.923,0.001460297,0.002908923,0.011436133,15141.605,0.010717391,
9/1/2010,218.275,0.001613946,0.004941752,0.011121054,15141.605,0.010717391,
10/1/2010,219.035,0.003475799,0.006550042,0.011599417,15309.471,0.011025404,
11/1/2010,219.59,0.002530637,0.007620382,0.010787058,15309.471,0.011025404,
12/1/2010,220.472,0.004008531,0.010014967,0.014275548,15309.471,0.011025404,
1/1/2011,221.187,0.003237795,0.009776963,0.016864821,15351.444,0.002737885,
2/1/2011,221.898,0.003209319,0.010455646,0.02102637,15351.444,0.002737885,
3/1/2011,223.046,0.005160211,0.011607326,0.025855268,15351.444,0.002737885,
4/1/2011,224.093,0.004683116,0.013052647,0.03030837,15557.535,0.013335546,
5/1/2011,224.806,0.003176664,0.013019991,0.034004941,15557.535,0.013335546,
6/1/2011,224.806,0,0.00785978,0.034423824,15557.535,0.013335546,
7/1/2011,225.395,0.002616611,0.005793274,0.035172926,15647.681,0.00577764,
8/1/2011,226.106,0.003149497,0.005766108,0.036862126,15647.681,0.00577764,
9/1/2011,226.597,0.002169193,0.007935301,0.037417374,15647.681,0.00577764,
10/1/2011,226.75,0.00067498,0.00599367,0.034616555,15842.267,0.012358768,
11/1/2011,227.169,0.001846145,0.004690318,0.033932063,15842.267,0.012358768,
12/1/2011,227.223,0.00023768,0.002758805,0.030161211,15842.267,0.012358768,
1/1/2012,227.842,0.002720492,0.004804317,0.029643909,16068.824,0.014199502,
2/1/2012,228.329,0.002135165,0.005093337,0.028569754,16068.824,0.014199502,
3/1/2012,228.807,0.002091282,0.006946939,0.025500825,16068.824,0.014199502,
4/1/2012,229.187,0.001659411,0.005885858,0.02247712,16207.13,0.008570272,
5/1/2012,228.713,-0.002070322,0.001680371,0.017230134,16207.13,0.008570272,
6/1/2012,228.524,-0.000826705,-0.001237616,0.01640343,16207.13,0.008570272,
7/1/2012,228.59,0.000288768,-0.002608258,0.014075587,16319.54,0.006911894,
8/1/2012,229.918,0.005792718,0.005254781,0.016718808,16319.54,0.006911894,
9/1/2012,231.015,0.00475992,0.010841406,0.019309534,16319.54,0.006911894,
10/1/2012,231.638,0.002693165,0.013245802,0.021327719,16420.386,0.006160449,
11/1/2012,231.249,-0.001680756,0.005772328,0.017800818,16420.386,0.006160449,
12/1/2012,231.221,-0.000121089,0.00089132,0.017442049,16420.386,0.006160449,
1/1/2013,231.679,0.00197883,0.000176985,0.016700387,16629.05,0.012627554,
2/1/2013,232.937,0.005415238,0.007272979,0.019980459,16629.05,0.012627554,
3/1/2013,232.282,-0.00281588,0.004578188,0.015073297,16629.05,0.012627554,
4/1/2013,231.797,-0.002090162,0.000509196,0.011323724,16699.551,0.004230667,
5/1/2013,231.893,0.00041407,-0.004491972,0.013808116,16699.551,0.004230667,
6/1/2013,232.445,0.00237758,0.000701487,0.0170124,16699.551,0.004230667,
7/1/2013,232.9,0.001955539,0.004747188,0.018679171,16911.068,0.012586486,
8/1/2013,233.456,0.002384446,0.006717564,0.015270899,16911.068,0.012586486,
9/1/2013,233.544,0.000376874,0.004716858,0.010887853,16911.068,0.012586486,
10/1/2013,233.669,0.000535088,0.003296407,0.008729776,17133.114,0.013044763,
11/1/2013,234.1,0.00184279,0.002754752,0.012253322,17133.114,0.013044763,
12/1/2013,234.719,0.002640679,0.005018558,0.015015091,17133.114,0.013044763,
1/1/2014,235.288,0.002421242,0.006904712,0.015457503,17144.281,0.000651566,
2/1/2014,235.547,0.001100173,0.006162094,0.011142438,17144.281,0.000651566,
3/1/2014,236.028,0.002039973,0.005561388,0.015998291,17144.281,0.000651566,
4/1/2014,236.468,0.00186245,0.005002597,0.019950904,17462.703,0.018402701,
5/1/2014,236.918,0.001901197,0.005803621,0.021438031,17462.703,0.018402701,
6/1/2014,237.231,0.00132026,0.005083908,0.020380712,17462.703,0.018402701,
7/1/2014,237.498,0.001124852,0.00434631,0.019550025,17743.227,0.015936516,
8/1/2014,237.46,-0.000160014,0.002285099,0.017005566,17743.227,0.015936516,
9/1/2014,237.477,7.15884E-05,0.001036427,0.01670028,17743.227,0.015936516,
10/1/2014,237.43,-0.000197933,-0.000286359,0.015967259,17852.54,0.006141929,
11/1/2014,236.983,-0.001884435,-0.00201078,0.012240034,17852.54,0.006141929,
12/1/2014,236.252,-0.003089377,-0.005171745,0.006509978,17852.54,0.006141929,
1/1/2015,234.747,-0.006390693,-0.011364505,-0.002301957,17991.348,0.007745181,
2/1/2015,235.342,0.002531437,-0.006948633,-0.000870694,17991.348,0.007745181,
3/1/2015,235.976,0.00269033,-0.001168927,-0.000220337,17991.348,0.007745181,
4/1/2015,236.222,0.001041936,0.006263702,-0.001040851,18193.707,0.011184789,
5/1/2015,237.001,0.00329232,0.007024585,0.000350271,18193.707,0.011184789,
6/1/2015,237.657,0.002764097,0.007098353,0.001794108,18193.707,0.011184789,
7/1/2015,238.034,0.001585063,0.00764148,0.002254318,18306.96,0.00620555,
8/1/2015,238.033,-4.20109E-06,0.004344959,0.002410131,18306.96,0.00620555,
9/1/2015,237.498,-0.002250117,-0.000669255,8.84257E-05,18306.96,0.00620555,
10/1/2015,237.733,0.000988993,-0.001265325,0.001275352,18332.079,0.001371161,
11/1/2015,238.017,0.001193905,-6.72198E-05,0.004353691,18332.079,0.001371161,
12/1/2015,237.761,-0.001076132,0.001106765,0.006366935,18332.079,0.001371161,
1/1/2016,237.652,-0.000458549,-0.000340776,0.01229908,18425.306,0.00507257,
2/1/2016,237.336,-0.00133056,-0.002865241,0.008437083,18425.306,0.00507257,
3/1/2016,238.08,0.003129893,0.001340784,0.008876647,18425.306,0.00507257,
4/1/2016,238.992,0.003823327,0.00562266,0.011658038,18611.617,0.01006091,
5/1/2016,239.557,0.002361306,0.009314526,0.010727024,18611.617,0.01006091,
6/1/2016,240.222,0.002772111,0.008956744,0.010735038,18611.617,0.01006091,
7/1/2016,240.101,-0.000503828,0.00462959,0.008646148,18775.459,0.008764689,
8/1/2016,240.545,0.001847514,0.004115798,0.010497863,18775.459,0.008764689,
9/1/2016,241.176,0.002619775,0.003963462,0.015367755,18775.459,0.008764689,
10/1/2016,241.741,0.002339948,0.006807237,0.01671871,18968.041,0.010204866,
11/1/2016,242.026,0.001178253,0.006137976,0.016703059,18968.041,0.010204866,
12/1/2016,242.637,0.002521341,0.006039542,0.020300532,18968.041,0.010204866,
1/1/2017,243.62,0.004043135,0.007742729,0.024802216,19153.912,0.009751466,
2/1/2017,243.872,0.001033863,0.007598339,0.027166639,19153.912,0.009751466,
3/1/2017,243.766,-0.000434749,0.004642249,0.023601997,19153.912,0.009751466,
4/1/2017,244.274,0.002081797,0.002680912,0.021860468,19322.92,0.008784979,
5/1/2017,244.069,-0.000839574,0.000807475,0.018659588,19322.92,0.008784979,
6/1/2017,244.218,0.000610297,0.00185252,0.016497773,19322.92,0.008784979,
7/1/2017,244.28,0.000253839,2.45623E-05,0.01725544,19558.693,0.012127886,
8/1/2017,245.205,0.003779487,0.004643623,0.019187413,19558.693,0.012127886,
9/1/2017,246.551,0.005474273,0.0095076,0.022041911,19558.693,0.012127886,
10/1/2017,246.657,0.000429839,0.009683599,0.020131802,19882.965,0.016443493,
11/1/2017,247.378,0.002918824,0.008822936,0.021872373,19882.965,0.016443493,
12/1/2017,247.736,0.001446132,0.004794794,0.020797164,19882.965,0.016443493,
1/1/2018,248.721,0.003968123,0.008333079,0.020722152,20143.716,0.013029044,
2/1/2018,249.3,0.002325204,0.007739459,0.022013493,20143.716,0.013029044,
3/1/2018,249.517,0.000870059,0.007163386,0.0233183,20143.716,0.013029044,
4/1/2018,250.275,0.003033264,0.006228527,0.024269767,20492.492,0.017166196,
5/1/2018,250.786,0.002039673,0.005942995,0.027149014,20492.492,0.017166196,
6/1/2018,251.152,0.001458348,0.006531284,0.027997064,20492.492,0.017166196,
7/1/2018,251.345,0.000768164,0.004266184,0.028511389,20659.102,0.008097422,
8/1/2018,251.735,0.00155045,0.003776961,0.026282352,20659.102,0.008097422,
9/1/2018,252.183,0.001778068,0.004096681,0.022586146,20659.102,0.008097422,
10/1/2018,252.899,0.002835185,0.006163702,0.024991492,20813.325,0.007437409,
11/1/2018,252.822,-0.000304516,0.004308737,0.021768153,20813.325,0.007437409,
12/1/2018,252.493,-0.001302158,0.001228511,0.019019863,20813.325,0.007437409,
1/1/2019,252.441,-0.000205968,-0.001812641,0.014845772,21001.591,0.00900479,
2/1/2019,252.969,0.002089394,0.000581268,0.014609961,21001.591,0.00900479,
3/1/2019,254.147,0.004645888,0.006529314,0.018385791,21001.591,0.00900479,
4/1/2019,255.326,0.00462832,0.011363602,0.019980847,21289.268,0.013604899,
5/1/2019,255.371,0.00017623,0.009450438,0.018117404,21289.268,0.013604899,
6/1/2019,255.423,0.000203605,0.005008155,0.016862661,21289.268,0.013604899,
7/1/2019,255.925,0.001963438,0.002343273,0.018057935,21505.012,0.010082928,
8/1/2019,256.118,0.000753843,0.002920886,0.017261329,21505.012,0.010082928,
9/1/2019,256.532,0.001615137,0.004332419,0.017098399,21505.012,0.010082928,
10/1/2019,257.387,0.003327376,0.005696356,0.017590589,21694.458,0.008770812,
11/1/2019,257.989,0.00233616,0.007278673,0.020231265,21694.458,0.008770812,
12/1/2019,258.203,0.000829149,0.006492684,0.022362572,21694.458,0.008770812,
1/1/2020,258.687,0.001872739,0.005038048,0.024441279,21481.367,-0.009870928,
2/1/2020,258.824,0.000529457,0.003231346,0.022881342,21481.367,-0.009870928,
3/1/2020,257.989,-0.003231346,-0.000829149,0.015004109,21481.367,-0.009870928,
4/1/2020,256.192,-0.006989785,-0.009691673,0.003386003,19477.444,-0.09792883,
5/1/2020,255.942,-0.000976307,-0.011197438,0.002233467,19477.444,-0.09792883,
6/1/2020,257.282,0.005221903,-0.002744189,0.007251765,19477.444,-0.09792883,
7/1/2020,258.604,0.005125175,0.009370771,0.010413501,21138.574,0.081842445,
8/1/2020,259.511,0.003501157,0.013848235,0.013160815,21138.574,0.081842445,
9/1/2020,260.149,0.002455453,0.011081784,0.014001131,21138.574,0.081842445,
10/1/2020,260.462,0.001202433,0.007159043,0.011876188,21477.597,0.015910869,
11/1/2020,260.927,0.001783697,0.005441584,0.011323726,21477.597,0.015910869,
12/1/2020,261.56,0.002423028,0.005409159,0.012917605,21477.597,0.015910869,
1/1/2021,262.231,0.002562092,0.006768817,0.013606958,22038.226,0.025768099,
2/1/2021,263.161,0.003540217,0.008525337,0.016617718,22038.226,0.025768099,
3/1/2021,264.793,0.006182376,0.012284686,0.02603144,22038.226,0.025768099,
4/1/2021,266.832,0.007670858,0.017393452,0.040692084,22722.581,0.030580697,
5/1/2021,268.551,0.006421593,0.020274828,0.048089984,22722.581,0.030580697,
6/1/2021,270.981,0.009007868,0.023100319,0.051875948,22722.581,0.030580697,
